-- Insert 20 records into Users Table
insert into Users (UserID, Username, FirstName, LastName, DateOfBirth, Password, DateAdded) values (1, 'souterbridge0', 'Stacie', 'Outerbridge', '2009-09-08', 'mY1{rPY&B', '2024-04-09 19:32:05');
insert into Users (UserID, Username, FirstName, LastName, DateOfBirth, Password, DateAdded) values (2, 'sgerb1', 'Shea', 'Gerb', '2020-02-13', 'rS4$F@+Sz8F>`,I@', '2023-10-17 07:26:10');
insert into Users (UserID, Username, FirstName, LastName, DateOfBirth, Password, DateAdded) values (3, 'dfrays2', 'Debbie', 'Frays', '2014-06-15', 'cA0<NPy\P', '2024-06-01 12:15:42');
insert into Users (UserID, Username, FirstName, LastName, DateOfBirth, Password, DateAdded) values (4, 'sbleue3', 'Sofia', 'Bleue', '2022-09-22', 'pG0\,ib%/%', '2024-07-20 03:14:05');
insert into Users (UserID, Username, FirstName, LastName, DateOfBirth, Password, DateAdded) values (5, 'atocher4', 'Andreas', 'Tocher', '2021-11-18', 'pL5,n3A4', '2024-02-26 16:20:16');
insert into Users (UserID, Username, FirstName, LastName, DateOfBirth, Password, DateAdded) values (6, 'dbuterton5', 'Desi', 'Buterton', '2021-10-16', 'wH2~OE#3258Tt', '2024-03-26 21:49:37');
insert into Users (UserID, Username, FirstName, LastName, DateOfBirth, Password, DateAdded) values (7, 'abeckey6', 'Anatol', 'Beckey', '2009-10-30', 'fQ7/s{~gfp(8B5K', '2024-08-10 07:56:24');
insert into Users (UserID, Username, FirstName, LastName, DateOfBirth, Password, DateAdded) values (8, 'kbulbrook7', 'Kinna', 'Bulbrook', '2020-05-08', 'dF9%*t#r|!', '2024-07-06 20:57:08');
insert into Users (UserID, Username, FirstName, LastName, DateOfBirth, Password, DateAdded) values (9, 'doneil8', 'Delmer', 'O''Neil', '2007-01-07', 'mR7.Q$yzHXWdUKes', '2024-06-13 17:02:55');
insert into Users (UserID, Username, FirstName, LastName, DateOfBirth, Password, DateAdded) values (10, 'sbottoms9', 'Suzanne', 'Bottoms', '2018-08-09', 'bO1#R#Cwm', '2024-02-16 13:06:24');
insert into Users (UserID, Username, FirstName, LastName, DateOfBirth, Password, DateAdded) values (11, 'thartshornea', 'Thorn', 'Hartshorne', '2020-11-21', 'vR5<''q9zjv3S', '2023-09-14 03:13:07');
insert into Users (UserID, Username, FirstName, LastName, DateOfBirth, Password, DateAdded) values (12, 'dburleighb', 'Devlen', 'Burleigh', '2008-07-13', 'yX3\P3(bpkElt/', '2024-03-29 10:47:15');
insert into Users (UserID, Username, FirstName, LastName, DateOfBirth, Password, DateAdded) values (13, 'lcheshirc', 'Leonhard', 'Cheshir', '2004-12-22', 'nT2*\e4PC1', '2023-10-24 21:51:18');
insert into Users (UserID, Username, FirstName, LastName, DateOfBirth, Password, DateAdded) values (14, 'ibrooksbied', 'Ingeberg', 'Brooksbie', '2000-04-26', 'pU3(}/y./jM', '2024-06-01 03:50:42');
insert into Users (UserID, Username, FirstName, LastName, DateOfBirth, Password, DateAdded) values (15, 'mkeareye', 'Maurice', 'Kearey', '2002-04-28', 'pO1\k.>7qlA+v', '2023-12-09 15:24:39');
insert into Users (UserID, Username, FirstName, LastName, DateOfBirth, Password, DateAdded) values (16, 'cstoeckf', 'Catrina', 'Stoeck', '2018-07-29', 'wY0''C9X\{d9%1y9', '2024-06-12 22:44:23');
insert into Users (UserID, Username, FirstName, LastName, DateOfBirth, Password, DateAdded) values (17, 'hmerielg', 'Hermione', 'Meriel', '2001-01-11', 'aH1<sc1=Is''$_b', '2024-05-23 12:24:45');
insert into Users (UserID, Username, FirstName, LastName, DateOfBirth, Password, DateAdded) values (18, 'kcrebbinh', 'Kelwin', 'Crebbin', '2006-10-04', 'sA9{<acu*VHt_N', '2024-07-10 22:34:40');
insert into Users (UserID, Username, FirstName, LastName, DateOfBirth, Password, DateAdded) values (19, 'tlovatti', 'Tanner', 'Lovatt', '2006-01-07', 'hF7%N.0m''*G"<', '2024-08-30 11:26:41');
insert into Users (UserID, Username, FirstName, LastName, DateOfBirth, Password, DateAdded) values (20, 'vtudhopej', 'Verene', 'Tudhope', '2022-02-06', 'dI1{0~jF,Q89@qBz', '2023-09-16 18:18:10');

-- Insert 50 records into Friends Table
insert into Friends (FriendID, FriendWhoAdded, FriendBeingAdded, IsAccepted, DateAdded) values (1, 16, 5, false, '2009-07-24 19:05:42');
insert into Friends (FriendID, FriendWhoAdded, FriendBeingAdded, IsAccepted, DateAdded) values (2, 17, 5, false, '2005-12-22 12:00:12');
insert into Friends (FriendID, FriendWhoAdded, FriendBeingAdded, IsAccepted, DateAdded) values (3, 7, 13, true, '2013-07-30 16:01:52');
insert into Friends (FriendID, FriendWhoAdded, FriendBeingAdded, IsAccepted, DateAdded) values (4, 1, 6, false, '2001-09-13 05:45:58');
insert into Friends (FriendID, FriendWhoAdded, FriendBeingAdded, IsAccepted, DateAdded) values (5, 10, 10, false, '2000-05-03 18:37:33');
insert into Friends (FriendID, FriendWhoAdded, FriendBeingAdded, IsAccepted, DateAdded) values (6, 1, 20, false, '2006-05-24 23:11:33');
insert into Friends (FriendID, FriendWhoAdded, FriendBeingAdded, IsAccepted, DateAdded) values (7, 5, 20, false, '2001-11-29 10:50:43');
insert into Friends (FriendID, FriendWhoAdded, FriendBeingAdded, IsAccepted, DateAdded) values (8, 8, 16, false, '2008-01-19 00:35:48');
insert into Friends (FriendID, FriendWhoAdded, FriendBeingAdded, IsAccepted, DateAdded) values (9, 17, 4, false, '2013-11-05 13:23:05');
insert into Friends (FriendID, FriendWhoAdded, FriendBeingAdded, IsAccepted, DateAdded) values (10, 7, 4, false, '2021-07-19 23:42:51');
insert into Friends (FriendID, FriendWhoAdded, FriendBeingAdded, IsAccepted, DateAdded) values (11, 20, 9, false, '2019-12-25 23:16:12');
insert into Friends (FriendID, FriendWhoAdded, FriendBeingAdded, IsAccepted, DateAdded) values (12, 13, 19, true, '2003-11-15 14:29:40');
insert into Friends (FriendID, FriendWhoAdded, FriendBeingAdded, IsAccepted, DateAdded) values (13, 19, 9, true, '2014-12-22 03:28:59');
insert into Friends (FriendID, FriendWhoAdded, FriendBeingAdded, IsAccepted, DateAdded) values (14, 16, 19, true, '2005-11-24 14:24:45');
insert into Friends (FriendID, FriendWhoAdded, FriendBeingAdded, IsAccepted, DateAdded) values (15, 4, 9, false, '2017-08-18 15:56:57');
insert into Friends (FriendID, FriendWhoAdded, FriendBeingAdded, IsAccepted, DateAdded) values (16, 20, 16, true, '2022-12-15 17:05:48');
insert into Friends (FriendID, FriendWhoAdded, FriendBeingAdded, IsAccepted, DateAdded) values (17, 15, 18, true, '2005-04-02 06:52:11');
insert into Friends (FriendID, FriendWhoAdded, FriendBeingAdded, IsAccepted, DateAdded) values (18, 17, 4, true, '2020-06-16 01:08:34');
insert into Friends (FriendID, FriendWhoAdded, FriendBeingAdded, IsAccepted, DateAdded) values (19, 12, 10, true, '2020-08-02 23:21:49');
insert into Friends (FriendID, FriendWhoAdded, FriendBeingAdded, IsAccepted, DateAdded) values (20, 17, 17, true, '2005-01-27 07:03:04');
insert into Friends (FriendID, FriendWhoAdded, FriendBeingAdded, IsAccepted, DateAdded) values (21, 12, 10, false, '2004-06-17 19:54:12');
insert into Friends (FriendID, FriendWhoAdded, FriendBeingAdded, IsAccepted, DateAdded) values (22, 5, 15, false, '2011-12-01 03:11:01');
insert into Friends (FriendID, FriendWhoAdded, FriendBeingAdded, IsAccepted, DateAdded) values (23, 1, 20, true, '2000-05-30 10:06:17');
insert into Friends (FriendID, FriendWhoAdded, FriendBeingAdded, IsAccepted, DateAdded) values (24, 7, 16, true, '2019-02-24 08:06:29');
insert into Friends (FriendID, FriendWhoAdded, FriendBeingAdded, IsAccepted, DateAdded) values (25, 14, 8, false, '2002-09-07 16:36:15');
insert into Friends (FriendID, FriendWhoAdded, FriendBeingAdded, IsAccepted, DateAdded) values (26, 2, 20, false, '2010-02-11 03:24:21');
insert into Friends (FriendID, FriendWhoAdded, FriendBeingAdded, IsAccepted, DateAdded) values (27, 1, 14, true, '2013-09-26 23:53:32');
insert into Friends (FriendID, FriendWhoAdded, FriendBeingAdded, IsAccepted, DateAdded) values (28, 9, 10, true, '2018-03-27 19:05:34');
insert into Friends (FriendID, FriendWhoAdded, FriendBeingAdded, IsAccepted, DateAdded) values (29, 18, 18, false, '2008-07-26 16:28:13');
insert into Friends (FriendID, FriendWhoAdded, FriendBeingAdded, IsAccepted, DateAdded) values (30, 20, 19, true, '2009-01-06 08:40:59');
insert into Friends (FriendID, FriendWhoAdded, FriendBeingAdded, IsAccepted, DateAdded) values (31, 5, 11, true, '2016-01-18 01:21:52');
insert into Friends (FriendID, FriendWhoAdded, FriendBeingAdded, IsAccepted, DateAdded) values (32, 11, 20, true, '2015-12-12 10:52:37');
insert into Friends (FriendID, FriendWhoAdded, FriendBeingAdded, IsAccepted, DateAdded) values (33, 18, 15, false, '2000-09-09 19:40:01');
insert into Friends (FriendID, FriendWhoAdded, FriendBeingAdded, IsAccepted, DateAdded) values (34, 16, 2, false, '2018-06-21 17:26:59');
insert into Friends (FriendID, FriendWhoAdded, FriendBeingAdded, IsAccepted, DateAdded) values (35, 14, 14, false, '2012-08-27 18:27:28');
insert into Friends (FriendID, FriendWhoAdded, FriendBeingAdded, IsAccepted, DateAdded) values (36, 2, 14, true, '2018-02-01 17:26:37');
insert into Friends (FriendID, FriendWhoAdded, FriendBeingAdded, IsAccepted, DateAdded) values (37, 6, 1, false, '2017-10-24 09:18:50');
insert into Friends (FriendID, FriendWhoAdded, FriendBeingAdded, IsAccepted, DateAdded) values (38, 10, 18, false, '2021-02-16 08:12:53');
insert into Friends (FriendID, FriendWhoAdded, FriendBeingAdded, IsAccepted, DateAdded) values (39, 4, 9, true, '2021-11-18 02:38:50');
insert into Friends (FriendID, FriendWhoAdded, FriendBeingAdded, IsAccepted, DateAdded) values (40, 18, 13, false, '2016-06-23 05:27:10');
insert into Friends (FriendID, FriendWhoAdded, FriendBeingAdded, IsAccepted, DateAdded) values (41, 17, 13, true, '2004-08-26 19:02:23');
insert into Friends (FriendID, FriendWhoAdded, FriendBeingAdded, IsAccepted, DateAdded) values (42, 7, 3, false, '2019-05-24 08:59:46');
insert into Friends (FriendID, FriendWhoAdded, FriendBeingAdded, IsAccepted, DateAdded) values (43, 18, 15, true, '2013-01-15 19:31:28');
insert into Friends (FriendID, FriendWhoAdded, FriendBeingAdded, IsAccepted, DateAdded) values (44, 19, 6, true, '2014-12-19 18:53:30');
insert into Friends (FriendID, FriendWhoAdded, FriendBeingAdded, IsAccepted, DateAdded) values (45, 8, 14, true, '2004-10-14 06:10:10');
insert into Friends (FriendID, FriendWhoAdded, FriendBeingAdded, IsAccepted, DateAdded) values (46, 10, 5, true, '2014-06-19 19:11:06');
insert into Friends (FriendID, FriendWhoAdded, FriendBeingAdded, IsAccepted, DateAdded) values (47, 3, 11, false, '2020-01-04 21:51:53');
insert into Friends (FriendID, FriendWhoAdded, FriendBeingAdded, IsAccepted, DateAdded) values (48, 13, 3, false, '2021-05-09 14:11:03');
insert into Friends (FriendID, FriendWhoAdded, FriendBeingAdded, IsAccepted, DateAdded) values (49, 13, 14, true, '2016-07-12 16:59:24');
insert into Friends (FriendID, FriendWhoAdded, FriendBeingAdded, IsAccepted, DateAdded) values (50, 11, 1, true, '2021-04-04 22:31:04');

-- Insert 10 records into Groups Table
insert into Groups (GroupID, GroupName, CreatedBy, DateAdded) values (1, 'Alphazap', 4, '2022-10-26 08:40:08');
insert into Groups (GroupID, GroupName, CreatedBy, DateAdded) values (2, 'It', 19, '2008-07-05 02:37:12');
insert into Groups (GroupID, GroupName, CreatedBy, DateAdded) values (3, 'Sonsing', 17, '2019-08-24 13:43:31');
insert into Groups (GroupID, GroupName, CreatedBy, DateAdded) values (4, 'Otcom', 2, '2017-03-25 13:23:17');
insert into Groups (GroupID, GroupName, CreatedBy, DateAdded) values (5, 'Bitchip', 12, '2006-09-16 14:32:39');
insert into Groups (GroupID, GroupName, CreatedBy, DateAdded) values (6, 'Asoka', 20, '2010-06-22 00:59:09');
insert into Groups (GroupID, GroupName, CreatedBy, DateAdded) values (7, 'Stringtough', 10, '2016-12-30 22:24:07');
insert into Groups (GroupID, GroupName, CreatedBy, DateAdded) values (8, 'Zathin', 13, '2004-07-05 16:04:38');
insert into Groups (GroupID, GroupName, CreatedBy, DateAdded) values (9, 'Stim', 11, '2017-11-26 16:54:54');
insert into Groups (GroupID, GroupName, CreatedBy, DateAdded) values (10, 'Toughjoyfax', 6, '2016-08-19 04:03:44');

-- Insert 50 records into Posts Table
insert into Posts (PostID, PostDescription, PostedBy, IsPublic, IsOnlyForFriends, GroupID, DatePosted) values (1, 'elementum in hac habitasse platea dictumst morbi vestibulum', 4, true, false, 10, '2005-05-30 08:19:39');
insert into Posts (PostID, PostDescription, PostedBy, IsPublic, IsOnlyForFriends, GroupID, DatePosted) values (2, 'in leo maecenas pulvinar lobortis est', 13, true, true, 3, '2014-12-13 15:47:05');
insert into Posts (PostID, PostDescription, PostedBy, IsPublic, IsOnlyForFriends, GroupID, DatePosted) values (3, 'convallis eget eleifend luctus ultricies eu nibh', 16, true, true, 10, '2013-01-15 15:50:30');
insert into Posts (PostID, PostDescription, PostedBy, IsPublic, IsOnlyForFriends, GroupID, DatePosted) values (4, 'nam congue risus semper porta volutpat', 11, false, true, 4, '2003-11-26 12:12:32');
insert into Posts (PostID, PostDescription, PostedBy, IsPublic, IsOnlyForFriends, GroupID, DatePosted) values (5, 'quam pharetra magna ac consequat metus sapien ut nunc vestibulum', 10, false, false, 6, '2000-03-17 00:55:20');
insert into Posts (PostID, PostDescription, PostedBy, IsPublic, IsOnlyForFriends, GroupID, DatePosted) values (6, 'nisi volutpat eleifend donec ut dolor', 8, true, false, 2, '2022-06-30 20:45:04');
insert into Posts (PostID, PostDescription, PostedBy, IsPublic, IsOnlyForFriends, GroupID, DatePosted) values (7, 'potenti cras in purus eu magna vulputate luctus cum sociis', 19, false, true, 6, '2005-11-30 23:26:24');
insert into Posts (PostID, PostDescription, PostedBy, IsPublic, IsOnlyForFriends, GroupID, DatePosted) values (8, 'proin leo odio porttitor id consequat', 17, true, false, 8, '2014-10-17 12:34:07');
insert into Posts (PostID, PostDescription, PostedBy, IsPublic, IsOnlyForFriends, GroupID, DatePosted) values (9, 'turpis elementum ligula vehicula consequat morbi a ipsum integer a', 11, false, true, 4, '2004-09-11 01:16:56');
insert into Posts (PostID, PostDescription, PostedBy, IsPublic, IsOnlyForFriends, GroupID, DatePosted) values (10, 'pede justo eu massa donec dapibus', 4, true, false, 9, '2007-02-15 20:03:42');
insert into Posts (PostID, PostDescription, PostedBy, IsPublic, IsOnlyForFriends, GroupID, DatePosted) values (11, 'eleifend donec ut dolor morbi', 1, true, false, 6, '2003-12-13 15:35:04');
insert into Posts (PostID, PostDescription, PostedBy, IsPublic, IsOnlyForFriends, GroupID, DatePosted) values (12, 'aliquam convallis nunc proin at turpis a', 2, true, false, 3, '2009-05-25 05:43:07');
insert into Posts (PostID, PostDescription, PostedBy, IsPublic, IsOnlyForFriends, GroupID, DatePosted) values (13, 'eget massa tempor convallis nulla neque libero convallis', 19, true, true, 6, '2003-07-06 20:27:13');
insert into Posts (PostID, PostDescription, PostedBy, IsPublic, IsOnlyForFriends, GroupID, DatePosted) values (14, 'interdum eu tincidunt in leo maecenas pulvinar lobortis', 18, false, false, 10, '2014-12-13 10:41:18');
insert into Posts (PostID, PostDescription, PostedBy, IsPublic, IsOnlyForFriends, GroupID, DatePosted) values (15, 'odio justo sollicitudin ut suscipit a', 11, true, false, 8, '2020-07-04 10:55:21');
insert into Posts (PostID, PostDescription, PostedBy, IsPublic, IsOnlyForFriends, GroupID, DatePosted) values (16, 'curabitur at ipsum ac tellus semper interdum mauris', 17, true, true, 4, '2022-01-07 02:31:04');
insert into Posts (PostID, PostDescription, PostedBy, IsPublic, IsOnlyForFriends, GroupID, DatePosted) values (17, 'dapibus nulla suscipit ligula in lacus curabitur at', 6, true, true, 4, '2007-07-07 08:12:12');
insert into Posts (PostID, PostDescription, PostedBy, IsPublic, IsOnlyForFriends, GroupID, DatePosted) values (18, 'rutrum at lorem integer tincidunt', 2, false, false, 5, '2003-11-11 14:16:48');
insert into Posts (PostID, PostDescription, PostedBy, IsPublic, IsOnlyForFriends, GroupID, DatePosted) values (19, 'magna vestibulum aliquet ultrices erat tortor sollicitudin mi', 5, true, true, 3, '2013-08-28 01:38:33');
insert into Posts (PostID, PostDescription, PostedBy, IsPublic, IsOnlyForFriends, GroupID, DatePosted) values (20, 'mauris viverra diam vitae quam suspendisse potenti nullam porttitor lacus', 18, true, false, 8, '2007-02-15 10:29:48');
insert into Posts (PostID, PostDescription, PostedBy, IsPublic, IsOnlyForFriends, GroupID, DatePosted) values (21, 'amet justo morbi ut odio cras', 13, false, false, 4, '2023-09-06 04:46:26');
insert into Posts (PostID, PostDescription, PostedBy, IsPublic, IsOnlyForFriends, GroupID, DatePosted) values (22, 'pede venenatis non sodales sed tincidunt', 12, true, true, 6, '2017-03-23 01:27:44');
insert into Posts (PostID, PostDescription, PostedBy, IsPublic, IsOnlyForFriends, GroupID, DatePosted) values (23, 'elit proin risus praesent lectus vestibulum', 15, true, true, 2, '2005-06-15 09:29:26');
insert into Posts (PostID, PostDescription, PostedBy, IsPublic, IsOnlyForFriends, GroupID, DatePosted) values (24, 'eleifend quam a odio in hac habitasse platea dictumst', 5, false, false, 9, '2020-08-14 23:40:03');
insert into Posts (PostID, PostDescription, PostedBy, IsPublic, IsOnlyForFriends, GroupID, DatePosted) values (25, 'vivamus in felis eu sapien cursus vestibulum', 20, false, true, 8, '2018-05-04 02:38:24');
insert into Posts (PostID, PostDescription, PostedBy, IsPublic, IsOnlyForFriends, GroupID, DatePosted) values (26, 'vestibulum quam sapien varius ut blandit non', 4, false, true, 1, '2010-01-16 14:29:21');
insert into Posts (PostID, PostDescription, PostedBy, IsPublic, IsOnlyForFriends, GroupID, DatePosted) values (27, 'consequat ut nulla sed accumsan', 11, true, false, 1, '2007-09-06 10:13:58');
insert into Posts (PostID, PostDescription, PostedBy, IsPublic, IsOnlyForFriends, GroupID, DatePosted) values (28, 'in quam fringilla rhoncus mauris enim leo', 9, true, true, 2, '2006-09-23 13:14:38');
insert into Posts (PostID, PostDescription, PostedBy, IsPublic, IsOnlyForFriends, GroupID, DatePosted) values (29, 'in lacus curabitur at ipsum ac tellus semper interdum', 17, false, false, 9, '2004-08-13 22:42:25');
insert into Posts (PostID, PostDescription, PostedBy, IsPublic, IsOnlyForFriends, GroupID, DatePosted) values (30, 'at velit vivamus vel nulla eget eros elementum pellentesque quisque', 7, false, true, 3, '2008-11-27 06:47:06');
insert into Posts (PostID, PostDescription, PostedBy, IsPublic, IsOnlyForFriends, GroupID, DatePosted) values (31, 'eu est congue elementum in hac habitasse platea dictumst', 8, false, false, 2, '2010-03-09 06:01:01');
insert into Posts (PostID, PostDescription, PostedBy, IsPublic, IsOnlyForFriends, GroupID, DatePosted) values (32, 'morbi vel lectus in quam fringilla rhoncus', 15, false, false, 8, '2019-10-02 06:40:10');
insert into Posts (PostID, PostDescription, PostedBy, IsPublic, IsOnlyForFriends, GroupID, DatePosted) values (33, 'purus sit amet nulla quisque arcu libero rutrum ac', 20, true, true, 3, '2001-01-07 00:38:57');
insert into Posts (PostID, PostDescription, PostedBy, IsPublic, IsOnlyForFriends, GroupID, DatePosted) values (34, 'nisl duis bibendum felis sed interdum venenatis', 16, true, false, 8, '2000-05-13 03:25:53');
insert into Posts (PostID, PostDescription, PostedBy, IsPublic, IsOnlyForFriends, GroupID, DatePosted) values (35, 'est et tempus semper est quam pharetra magna ac', 14, true, true, 2, '2022-10-11 03:53:12');
insert into Posts (PostID, PostDescription, PostedBy, IsPublic, IsOnlyForFriends, GroupID, DatePosted) values (36, 'justo maecenas rhoncus aliquam lacus', 14, false, true, 7, '2016-05-20 22:36:44');
insert into Posts (PostID, PostDescription, PostedBy, IsPublic, IsOnlyForFriends, GroupID, DatePosted) values (37, 'donec pharetra magna vestibulum aliquet', 12, true, false, 8, '2019-06-08 19:57:42');
insert into Posts (PostID, PostDescription, PostedBy, IsPublic, IsOnlyForFriends, GroupID, DatePosted) values (38, 'turpis donec posuere metus vitae ipsum aliquam non', 6, false, false, 7, '2008-03-16 10:52:13');
insert into Posts (PostID, PostDescription, PostedBy, IsPublic, IsOnlyForFriends, GroupID, DatePosted) values (39, 'turpis enim blandit mi in porttitor pede justo eu', 6, false, false, 7, '2001-04-20 06:08:59');
insert into Posts (PostID, PostDescription, PostedBy, IsPublic, IsOnlyForFriends, GroupID, DatePosted) values (40, 'sit amet sem fusce consequat nulla', 6, false, false, 10, '2022-07-12 17:38:37');
insert into Posts (PostID, PostDescription, PostedBy, IsPublic, IsOnlyForFriends, GroupID, DatePosted) values (41, 'urna pretium nisl ut volutpat sapien', 19, true, false, 10, '2006-04-19 08:13:25');
insert into Posts (PostID, PostDescription, PostedBy, IsPublic, IsOnlyForFriends, GroupID, DatePosted) values (42, 'vestibulum rutrum rutrum neque aenean auctor gravida sem', 3, true, false, 9, '2020-08-04 17:34:20');
insert into Posts (PostID, PostDescription, PostedBy, IsPublic, IsOnlyForFriends, GroupID, DatePosted) values (43, 'non velit nec nisi vulputate nonummy maecenas tincidunt lacus at', 9, false, true, 9, '2012-07-21 17:45:02');
insert into Posts (PostID, PostDescription, PostedBy, IsPublic, IsOnlyForFriends, GroupID, DatePosted) values (44, 'nulla elit ac nulla sed vel enim sit amet', 17, false, true, 6, '2012-02-26 19:48:07');
insert into Posts (PostID, PostDescription, PostedBy, IsPublic, IsOnlyForFriends, GroupID, DatePosted) values (45, 'magna vestibulum aliquet ultrices erat tortor sollicitudin mi', 17, true, false, 6, '2012-09-21 00:02:14');
insert into Posts (PostID, PostDescription, PostedBy, IsPublic, IsOnlyForFriends, GroupID, DatePosted) values (46, 'nascetur ridiculus mus etiam vel augue vestibulum rutrum rutrum neque', 3, false, true, 10, '2013-06-26 17:09:22');
insert into Posts (PostID, PostDescription, PostedBy, IsPublic, IsOnlyForFriends, GroupID, DatePosted) values (47, 'commodo placerat praesent blandit nam nulla', 14, false, true, 8, '2006-01-03 02:09:31');
insert into Posts (PostID, PostDescription, PostedBy, IsPublic, IsOnlyForFriends, GroupID, DatePosted) values (48, 'dapibus dolor vel est donec odio justo', 18, true, true, 4, '2012-03-07 12:50:35');
insert into Posts (PostID, PostDescription, PostedBy, IsPublic, IsOnlyForFriends, GroupID, DatePosted) values (49, 'convallis morbi odio odio elementum eu interdum eu tincidunt in', 20, true, false, 9, '2011-11-09 16:52:00');
insert into Posts (PostID, PostDescription, PostedBy, IsPublic, IsOnlyForFriends, GroupID, DatePosted) values (50, 'velit nec nisi vulputate nonummy maecenas tincidunt lacus at velit', 16, false, true, 5, '2012-08-17 11:45:17');

-- Insert 50 records into Membership Requests Table
insert into GroupMembershipRequests (GroupMemberShipRequestsID, GroupID, GroupMemberUserID, IsGroupMemberShipAccepted, DateAccepted) values (1, 10, 4, true, '2008-09-14 18:15:58');
insert into GroupMembershipRequests (GroupMemberShipRequestsID, GroupID, GroupMemberUserID, IsGroupMemberShipAccepted, DateAccepted) values (2, 1, 18, false, '2008-08-24 12:28:54');
insert into GroupMembershipRequests (GroupMemberShipRequestsID, GroupID, GroupMemberUserID, IsGroupMemberShipAccepted, DateAccepted) values (3, 3, 8, false, '2012-07-17 05:07:46');
insert into GroupMembershipRequests (GroupMemberShipRequestsID, GroupID, GroupMemberUserID, IsGroupMemberShipAccepted, DateAccepted) values (4, 9, 5, false, '2010-11-13 19:30:22');
insert into GroupMembershipRequests (GroupMemberShipRequestsID, GroupID, GroupMemberUserID, IsGroupMemberShipAccepted, DateAccepted) values (5, 8, 20, true, '2014-03-07 00:18:47');
insert into GroupMembershipRequests (GroupMemberShipRequestsID, GroupID, GroupMemberUserID, IsGroupMemberShipAccepted, DateAccepted) values (6, 2, 4, true, '2014-12-01 03:23:38');
insert into GroupMembershipRequests (GroupMemberShipRequestsID, GroupID, GroupMemberUserID, IsGroupMemberShipAccepted, DateAccepted) values (7, 1, 7, false, '2016-06-26 06:15:44');
insert into GroupMembershipRequests (GroupMemberShipRequestsID, GroupID, GroupMemberUserID, IsGroupMemberShipAccepted, DateAccepted) values (8, 9, 2, true, '2000-10-20 19:30:54');
insert into GroupMembershipRequests (GroupMemberShipRequestsID, GroupID, GroupMemberUserID, IsGroupMemberShipAccepted, DateAccepted) values (9, 8, 8, false, '2013-12-13 20:40:44');
insert into GroupMembershipRequests (GroupMemberShipRequestsID, GroupID, GroupMemberUserID, IsGroupMemberShipAccepted, DateAccepted) values (10, 1, 9, true, '2016-01-15 13:25:48');
insert into GroupMembershipRequests (GroupMemberShipRequestsID, GroupID, GroupMemberUserID, IsGroupMemberShipAccepted, DateAccepted) values (11, 10, 17, false, '2016-04-19 16:10:58');
insert into GroupMembershipRequests (GroupMemberShipRequestsID, GroupID, GroupMemberUserID, IsGroupMemberShipAccepted, DateAccepted) values (12, 1, 3, false, '2022-09-22 12:13:21');
insert into GroupMembershipRequests (GroupMemberShipRequestsID, GroupID, GroupMemberUserID, IsGroupMemberShipAccepted, DateAccepted) values (13, 7, 3, false, '2016-02-13 12:28:38');
insert into GroupMembershipRequests (GroupMemberShipRequestsID, GroupID, GroupMemberUserID, IsGroupMemberShipAccepted, DateAccepted) values (14, 7, 8, true, '2015-09-27 23:24:23');
insert into GroupMembershipRequests (GroupMemberShipRequestsID, GroupID, GroupMemberUserID, IsGroupMemberShipAccepted, DateAccepted) values (15, 2, 11, true, '2015-09-21 22:47:54');
insert into GroupMembershipRequests (GroupMemberShipRequestsID, GroupID, GroupMemberUserID, IsGroupMemberShipAccepted, DateAccepted) values (16, 4, 16, true, '2001-09-18 22:31:47');
insert into GroupMembershipRequests (GroupMemberShipRequestsID, GroupID, GroupMemberUserID, IsGroupMemberShipAccepted, DateAccepted) values (17, 7, 8, false, '2006-07-16 22:41:37');
insert into GroupMembershipRequests (GroupMemberShipRequestsID, GroupID, GroupMemberUserID, IsGroupMemberShipAccepted, DateAccepted) values (18, 8, 13, false, '2021-05-15 18:58:13');
insert into GroupMembershipRequests (GroupMemberShipRequestsID, GroupID, GroupMemberUserID, IsGroupMemberShipAccepted, DateAccepted) values (19, 8, 7, true, '2004-11-13 04:04:05');
insert into GroupMembershipRequests (GroupMemberShipRequestsID, GroupID, GroupMemberUserID, IsGroupMemberShipAccepted, DateAccepted) values (20, 4, 17, true, '2017-02-10 02:22:25');
insert into GroupMembershipRequests (GroupMemberShipRequestsID, GroupID, GroupMemberUserID, IsGroupMemberShipAccepted, DateAccepted) values (21, 5, 13, true, '2015-10-11 09:58:53');
insert into GroupMembershipRequests (GroupMemberShipRequestsID, GroupID, GroupMemberUserID, IsGroupMemberShipAccepted, DateAccepted) values (22, 1, 3, true, '2003-07-20 01:22:45');
insert into GroupMembershipRequests (GroupMemberShipRequestsID, GroupID, GroupMemberUserID, IsGroupMemberShipAccepted, DateAccepted) values (23, 2, 5, true, '2016-08-04 23:40:39');
insert into GroupMembershipRequests (GroupMemberShipRequestsID, GroupID, GroupMemberUserID, IsGroupMemberShipAccepted, DateAccepted) values (24, 3, 3, true, '2021-04-02 15:45:24');
insert into GroupMembershipRequests (GroupMemberShipRequestsID, GroupID, GroupMemberUserID, IsGroupMemberShipAccepted, DateAccepted) values (25, 7, 14, true, '2002-07-27 01:32:56');
insert into GroupMembershipRequests (GroupMemberShipRequestsID, GroupID, GroupMemberUserID, IsGroupMemberShipAccepted, DateAccepted) values (26, 10, 13, true, '2009-11-23 14:19:52');
insert into GroupMembershipRequests (GroupMemberShipRequestsID, GroupID, GroupMemberUserID, IsGroupMemberShipAccepted, DateAccepted) values (27, 5, 18, false, '2020-05-03 17:27:22');
insert into GroupMembershipRequests (GroupMemberShipRequestsID, GroupID, GroupMemberUserID, IsGroupMemberShipAccepted, DateAccepted) values (28, 2, 3, false, '2017-04-14 00:48:49');
insert into GroupMembershipRequests (GroupMemberShipRequestsID, GroupID, GroupMemberUserID, IsGroupMemberShipAccepted, DateAccepted) values (29, 1, 2, true, '2017-11-23 10:00:43');
insert into GroupMembershipRequests (GroupMemberShipRequestsID, GroupID, GroupMemberUserID, IsGroupMemberShipAccepted, DateAccepted) values (30, 3, 4, false, '2014-08-18 20:55:20');
insert into GroupMembershipRequests (GroupMemberShipRequestsID, GroupID, GroupMemberUserID, IsGroupMemberShipAccepted, DateAccepted) values (31, 5, 7, false, '2000-08-31 03:54:05');
insert into GroupMembershipRequests (GroupMemberShipRequestsID, GroupID, GroupMemberUserID, IsGroupMemberShipAccepted, DateAccepted) values (32, 7, 10, true, '2010-03-18 02:40:02');
insert into GroupMembershipRequests (GroupMemberShipRequestsID, GroupID, GroupMemberUserID, IsGroupMemberShipAccepted, DateAccepted) values (33, 2, 19, false, '2008-01-28 08:32:42');
insert into GroupMembershipRequests (GroupMemberShipRequestsID, GroupID, GroupMemberUserID, IsGroupMemberShipAccepted, DateAccepted) values (34, 5, 17, false, '2010-05-25 19:59:42');
insert into GroupMembershipRequests (GroupMemberShipRequestsID, GroupID, GroupMemberUserID, IsGroupMemberShipAccepted, DateAccepted) values (35, 3, 19, false, '2020-05-29 23:01:13');
insert into GroupMembershipRequests (GroupMemberShipRequestsID, GroupID, GroupMemberUserID, IsGroupMemberShipAccepted, DateAccepted) values (36, 10, 13, false, '2019-07-01 05:10:28');
insert into GroupMembershipRequests (GroupMemberShipRequestsID, GroupID, GroupMemberUserID, IsGroupMemberShipAccepted, DateAccepted) values (37, 10, 13, true, '2022-07-10 02:48:09');
insert into GroupMembershipRequests (GroupMemberShipRequestsID, GroupID, GroupMemberUserID, IsGroupMemberShipAccepted, DateAccepted) values (38, 1, 1, true, '2002-11-08 01:28:46');
insert into GroupMembershipRequests (GroupMemberShipRequestsID, GroupID, GroupMemberUserID, IsGroupMemberShipAccepted, DateAccepted) values (39, 1, 13, true, '2020-07-20 05:19:39');
insert into GroupMembershipRequests (GroupMemberShipRequestsID, GroupID, GroupMemberUserID, IsGroupMemberShipAccepted, DateAccepted) values (40, 9, 1, false, '2011-07-14 10:46:05');
insert into GroupMembershipRequests (GroupMemberShipRequestsID, GroupID, GroupMemberUserID, IsGroupMemberShipAccepted, DateAccepted) values (41, 5, 12, false, '2001-01-21 15:00:07');
insert into GroupMembershipRequests (GroupMemberShipRequestsID, GroupID, GroupMemberUserID, IsGroupMemberShipAccepted, DateAccepted) values (42, 3, 9, true, '2017-09-06 13:28:04');
insert into GroupMembershipRequests (GroupMemberShipRequestsID, GroupID, GroupMemberUserID, IsGroupMemberShipAccepted, DateAccepted) values (43, 10, 6, false, '2019-01-14 16:37:41');
insert into GroupMembershipRequests (GroupMemberShipRequestsID, GroupID, GroupMemberUserID, IsGroupMemberShipAccepted, DateAccepted) values (44, 5, 19, true, '2003-05-09 10:39:31');
insert into GroupMembershipRequests (GroupMemberShipRequestsID, GroupID, GroupMemberUserID, IsGroupMemberShipAccepted, DateAccepted) values (45, 9, 3, false, '2007-12-09 18:15:53');
insert into GroupMembershipRequests (GroupMemberShipRequestsID, GroupID, GroupMemberUserID, IsGroupMemberShipAccepted, DateAccepted) values (46, 9, 12, false, '2018-02-16 20:05:51');
insert into GroupMembershipRequests (GroupMemberShipRequestsID, GroupID, GroupMemberUserID, IsGroupMemberShipAccepted, DateAccepted) values (47, 8, 7, false, '2019-10-16 02:05:43');
insert into GroupMembershipRequests (GroupMemberShipRequestsID, GroupID, GroupMemberUserID, IsGroupMemberShipAccepted, DateAccepted) values (48, 4, 2, false, '2008-03-21 06:44:38');
insert into GroupMembershipRequests (GroupMemberShipRequestsID, GroupID, GroupMemberUserID, IsGroupMemberShipAccepted, DateAccepted) values (49, 3, 5, true, '2008-01-11 04:59:24');
insert into GroupMembershipRequests (GroupMemberShipRequestsID, GroupID, GroupMemberUserID, IsGroupMemberShipAccepted, DateAccepted) values (50, 6, 5, true, '2007-07-21 00:07:56');

